"Campaign","Keyword","Criterion Type"
"Pesquisa | Dedetização | Curitiba","como fazer","Negative Phrase"
"Pesquisa | Dedetização | Curitiba","caseiro","Negative Phrase"
"Pesquisa | Dedetização | Curitiba","caseira","Negative Phrase"
"Pesquisa | Dedetização | Curitiba","receita","Negative Phrase"
"Pesquisa | Dedetização | Curitiba","vinagre","Negative Phrase"
"Pesquisa | Dedetização | Curitiba","bicarbonato","Negative Phrase"
"Pesquisa | Dedetização | Curitiba","remédio","Negative Phrase"
"Pesquisa | Dedetização | Curitiba","veneno","Negative Phrase"
"Pesquisa | Dedetização | Curitiba","comprar","Negative Phrase"
"Pesquisa | Dedetização | Curitiba","mercado livre","Negative Phrase"
"Pesquisa | Dedetização | Curitiba","shopee","Negative Phrase"
"Pesquisa | Dedetização | Curitiba","amazon","Negative Phrase"
"Pesquisa | Dedetização | Curitiba","magazine","Negative Phrase"
"Pesquisa | Dedetização | Curitiba","preço do veneno","Negative Phrase"
"Pesquisa | Dedetização | Curitiba","ultrassônico","Negative Phrase"
"Pesquisa | Dedetização | Curitiba","repelente","Negative Phrase"
"Pesquisa | Dedetização | Curitiba","armadilha","Negative Phrase"
"Pesquisa | Dedetização | Curitiba","ratoeira","Negative Phrase"
"Pesquisa | Dedetização | Curitiba","curso","Negative Phrase"
"Pesquisa | Dedetização | Curitiba","apostila","Negative Phrase"
"Pesquisa | Dedetização | Curitiba","vaga","Negative Phrase"
"Pesquisa | Dedetização | Curitiba","vagas","Negative Phrase"
"Pesquisa | Dedetização | Curitiba","emprego","Negative Phrase"
"Pesquisa | Dedetização | Curitiba","salário","Negative Phrase"
"Pesquisa | Dedetização | Curitiba","trabalhe conosco","Negative Phrase"
"Pesquisa | Dedetização | Curitiba","franquia","Negative Phrase"
"Pesquisa | Dedetização | Curitiba","como abrir","Negative Phrase"
"Pesquisa | Dedetização | Curitiba","licitação","Negative Phrase"
"Pesquisa | Dedetização | Curitiba","pdf","Negative Phrase"
"Pesquisa | Dedetização | Curitiba","fispq","Negative Phrase"
"Pesquisa | Dedetização | Curitiba","bula","Negative Phrase"
"Pesquisa | Dedetização | Curitiba","o que é","Negative Phrase"
"Pesquisa | Dedetização | Curitiba","significado","Negative Phrase"
"Pesquisa | Dedetização | Curitiba","sonhar","Negative Phrase"
"Pesquisa | Dedetização | Curitiba","sonho","Negative Phrase"
"Pesquisa | Dedetização | Curitiba","desenho","Negative Phrase"
"Pesquisa | Dedetização | Curitiba","jogo","Negative Phrase"
"Pesquisa | Dedetização | Curitiba","música","Negative Phrase"
"Pesquisa | Dedetização | Curitiba","filme","Negative Phrase"
"Pesquisa | Dedetização | Curitiba","prefeitura","Negative Phrase"
"Pesquisa | Dedetização | Curitiba","zoonoses","Negative Phrase"
"Pesquisa | Dedetização | Curitiba","picada","Negative Phrase"
"Pesquisa | Dedetização | Curitiba","picou","Negative Phrase"
"Pesquisa | Dedetização | Curitiba","sintomas","Negative Phrase"
"Pesquisa | Dedetização | Curitiba","tratamento da picada","Negative Phrase"
"Pesquisa | Dedetização | Curitiba","grátis prefeitura","Negative Phrase"
