"Campaign","Ad group","Keyword","Criterion Type","Final URL"
"Pesquisa | Dedetização | Curitiba","Baratas","dedetização de baratas","Exact","https://rogermoreira-dev.github.io/lp-dedetizadora/baratas/"
"Pesquisa | Dedetização | Curitiba","Baratas","dedetização de baratas","Phrase","https://rogermoreira-dev.github.io/lp-dedetizadora/baratas/"
"Pesquisa | Dedetização | Curitiba","Baratas","dedetização baratas","Exact","https://rogermoreira-dev.github.io/lp-dedetizadora/baratas/"
"Pesquisa | Dedetização | Curitiba","Baratas","dedetização baratas","Phrase","https://rogermoreira-dev.github.io/lp-dedetizadora/baratas/"
"Pesquisa | Dedetização | Curitiba","Baratas","dedetizadora de baratas","Exact","https://rogermoreira-dev.github.io/lp-dedetizadora/baratas/"
"Pesquisa | Dedetização | Curitiba","Baratas","dedetizadora de baratas","Phrase","https://rogermoreira-dev.github.io/lp-dedetizadora/baratas/"
"Pesquisa | Dedetização | Curitiba","Baratas","dedetizar baratas","Exact","https://rogermoreira-dev.github.io/lp-dedetizadora/baratas/"
"Pesquisa | Dedetização | Curitiba","Baratas","dedetizar baratas","Phrase","https://rogermoreira-dev.github.io/lp-dedetizadora/baratas/"
"Pesquisa | Dedetização | Curitiba","Baratas","empresa de dedetização de baratas","Exact","https://rogermoreira-dev.github.io/lp-dedetizadora/baratas/"
"Pesquisa | Dedetização | Curitiba","Baratas","empresa de dedetização de baratas","Phrase","https://rogermoreira-dev.github.io/lp-dedetizadora/baratas/"
"Pesquisa | Dedetização | Curitiba","Baratas","dedetização barata alemã","Exact","https://rogermoreira-dev.github.io/lp-dedetizadora/baratas/"
"Pesquisa | Dedetização | Curitiba","Baratas","dedetização barata alemã","Phrase","https://rogermoreira-dev.github.io/lp-dedetizadora/baratas/"
"Pesquisa | Dedetização | Curitiba","Baratas","dedetização de baratas preço","Exact","https://rogermoreira-dev.github.io/lp-dedetizadora/baratas/"
"Pesquisa | Dedetização | Curitiba","Baratas","dedetização de baratas preço","Phrase","https://rogermoreira-dev.github.io/lp-dedetizadora/baratas/"
"Pesquisa | Dedetização | Curitiba","Baratas","dedetização de baratas curitiba","Exact","https://rogermoreira-dev.github.io/lp-dedetizadora/baratas/"
"Pesquisa | Dedetização | Curitiba","Baratas","dedetização de baratas curitiba","Phrase","https://rogermoreira-dev.github.io/lp-dedetizadora/baratas/"
"Pesquisa | Dedetização | Curitiba","Ratos","desratização","Exact","https://rogermoreira-dev.github.io/lp-dedetizadora/ratos/"
"Pesquisa | Dedetização | Curitiba","Ratos","desratização","Phrase","https://rogermoreira-dev.github.io/lp-dedetizadora/ratos/"
"Pesquisa | Dedetização | Curitiba","Ratos","empresa de desratização","Exact","https://rogermoreira-dev.github.io/lp-dedetizadora/ratos/"
"Pesquisa | Dedetização | Curitiba","Ratos","empresa de desratização","Phrase","https://rogermoreira-dev.github.io/lp-dedetizadora/ratos/"
"Pesquisa | Dedetização | Curitiba","Ratos","dedetização de ratos","Exact","https://rogermoreira-dev.github.io/lp-dedetizadora/ratos/"
"Pesquisa | Dedetização | Curitiba","Ratos","dedetização de ratos","Phrase","https://rogermoreira-dev.github.io/lp-dedetizadora/ratos/"
"Pesquisa | Dedetização | Curitiba","Ratos","controle de ratos","Exact","https://rogermoreira-dev.github.io/lp-dedetizadora/ratos/"
"Pesquisa | Dedetização | Curitiba","Ratos","controle de ratos","Phrase","https://rogermoreira-dev.github.io/lp-dedetizadora/ratos/"
"Pesquisa | Dedetização | Curitiba","Ratos","desratização residencial","Exact","https://rogermoreira-dev.github.io/lp-dedetizadora/ratos/"
"Pesquisa | Dedetização | Curitiba","Ratos","desratização residencial","Phrase","https://rogermoreira-dev.github.io/lp-dedetizadora/ratos/"
"Pesquisa | Dedetização | Curitiba","Ratos","rato no forro","Exact","https://rogermoreira-dev.github.io/lp-dedetizadora/ratos/"
"Pesquisa | Dedetização | Curitiba","Ratos","rato no forro","Phrase","https://rogermoreira-dev.github.io/lp-dedetizadora/ratos/"
"Pesquisa | Dedetização | Curitiba","Ratos","dedetizadora de ratos","Exact","https://rogermoreira-dev.github.io/lp-dedetizadora/ratos/"
"Pesquisa | Dedetização | Curitiba","Ratos","dedetizadora de ratos","Phrase","https://rogermoreira-dev.github.io/lp-dedetizadora/ratos/"
"Pesquisa | Dedetização | Curitiba","Ratos","desratização curitiba","Exact","https://rogermoreira-dev.github.io/lp-dedetizadora/ratos/"
"Pesquisa | Dedetização | Curitiba","Ratos","desratização curitiba","Phrase","https://rogermoreira-dev.github.io/lp-dedetizadora/ratos/"
"Pesquisa | Dedetização | Curitiba","Cupins","descupinização","Exact","https://rogermoreira-dev.github.io/lp-dedetizadora/cupins/"
"Pesquisa | Dedetização | Curitiba","Cupins","descupinização","Phrase","https://rogermoreira-dev.github.io/lp-dedetizadora/cupins/"
"Pesquisa | Dedetização | Curitiba","Cupins","dedetização de cupim","Exact","https://rogermoreira-dev.github.io/lp-dedetizadora/cupins/"
"Pesquisa | Dedetização | Curitiba","Cupins","dedetização de cupim","Phrase","https://rogermoreira-dev.github.io/lp-dedetizadora/cupins/"
"Pesquisa | Dedetização | Curitiba","Cupins","dedetização de cupins","Exact","https://rogermoreira-dev.github.io/lp-dedetizadora/cupins/"
"Pesquisa | Dedetização | Curitiba","Cupins","dedetização de cupins","Phrase","https://rogermoreira-dev.github.io/lp-dedetizadora/cupins/"
"Pesquisa | Dedetização | Curitiba","Cupins","tratamento de cupim","Exact","https://rogermoreira-dev.github.io/lp-dedetizadora/cupins/"
"Pesquisa | Dedetização | Curitiba","Cupins","tratamento de cupim","Phrase","https://rogermoreira-dev.github.io/lp-dedetizadora/cupins/"
"Pesquisa | Dedetização | Curitiba","Cupins","empresa de descupinização","Exact","https://rogermoreira-dev.github.io/lp-dedetizadora/cupins/"
"Pesquisa | Dedetização | Curitiba","Cupins","empresa de descupinização","Phrase","https://rogermoreira-dev.github.io/lp-dedetizadora/cupins/"
"Pesquisa | Dedetização | Curitiba","Cupins","cupim em móveis","Exact","https://rogermoreira-dev.github.io/lp-dedetizadora/cupins/"
"Pesquisa | Dedetização | Curitiba","Cupins","cupim em móveis","Phrase","https://rogermoreira-dev.github.io/lp-dedetizadora/cupins/"
"Pesquisa | Dedetização | Curitiba","Cupins","cupim de madeira","Exact","https://rogermoreira-dev.github.io/lp-dedetizadora/cupins/"
"Pesquisa | Dedetização | Curitiba","Cupins","cupim de madeira","Phrase","https://rogermoreira-dev.github.io/lp-dedetizadora/cupins/"
"Pesquisa | Dedetização | Curitiba","Cupins","descupinização curitiba","Exact","https://rogermoreira-dev.github.io/lp-dedetizadora/cupins/"
"Pesquisa | Dedetização | Curitiba","Cupins","descupinização curitiba","Phrase","https://rogermoreira-dev.github.io/lp-dedetizadora/cupins/"
"Pesquisa | Dedetização | Curitiba","Aranha-marrom","dedetização aranha marrom","Exact","https://rogermoreira-dev.github.io/lp-dedetizadora/aranha-marrom/"
"Pesquisa | Dedetização | Curitiba","Aranha-marrom","dedetização aranha marrom","Phrase","https://rogermoreira-dev.github.io/lp-dedetizadora/aranha-marrom/"
"Pesquisa | Dedetização | Curitiba","Aranha-marrom","controle de aranha marrom","Exact","https://rogermoreira-dev.github.io/lp-dedetizadora/aranha-marrom/"
"Pesquisa | Dedetização | Curitiba","Aranha-marrom","controle de aranha marrom","Phrase","https://rogermoreira-dev.github.io/lp-dedetizadora/aranha-marrom/"
"Pesquisa | Dedetização | Curitiba","Aranha-marrom","dedetização de aranhas","Exact","https://rogermoreira-dev.github.io/lp-dedetizadora/aranha-marrom/"
"Pesquisa | Dedetização | Curitiba","Aranha-marrom","dedetização de aranhas","Phrase","https://rogermoreira-dev.github.io/lp-dedetizadora/aranha-marrom/"
"Pesquisa | Dedetização | Curitiba","Aranha-marrom","dedetizadora aranha marrom","Exact","https://rogermoreira-dev.github.io/lp-dedetizadora/aranha-marrom/"
"Pesquisa | Dedetização | Curitiba","Aranha-marrom","dedetizadora aranha marrom","Phrase","https://rogermoreira-dev.github.io/lp-dedetizadora/aranha-marrom/"
"Pesquisa | Dedetização | Curitiba","Aranha-marrom","aranha marrom em casa","Exact","https://rogermoreira-dev.github.io/lp-dedetizadora/aranha-marrom/"
"Pesquisa | Dedetização | Curitiba","Aranha-marrom","aranha marrom em casa","Phrase","https://rogermoreira-dev.github.io/lp-dedetizadora/aranha-marrom/"
"Pesquisa | Dedetização | Curitiba","Aranha-marrom","dedetização contra aranha","Exact","https://rogermoreira-dev.github.io/lp-dedetizadora/aranha-marrom/"
"Pesquisa | Dedetização | Curitiba","Aranha-marrom","dedetização contra aranha","Phrase","https://rogermoreira-dev.github.io/lp-dedetizadora/aranha-marrom/"
"Pesquisa | Dedetização | Curitiba","Aranha-marrom","dedetização aranha marrom curitiba","Exact","https://rogermoreira-dev.github.io/lp-dedetizadora/aranha-marrom/"
"Pesquisa | Dedetização | Curitiba","Aranha-marrom","dedetização aranha marrom curitiba","Phrase","https://rogermoreira-dev.github.io/lp-dedetizadora/aranha-marrom/"
"Pesquisa | Dedetização | Curitiba","Geral","dedetização","Exact","https://rogermoreira-dev.github.io/lp-dedetizadora/"
"Pesquisa | Dedetização | Curitiba","Geral","dedetização","Phrase","https://rogermoreira-dev.github.io/lp-dedetizadora/"
"Pesquisa | Dedetização | Curitiba","Geral","dedetizadora","Exact","https://rogermoreira-dev.github.io/lp-dedetizadora/"
"Pesquisa | Dedetização | Curitiba","Geral","dedetizadora","Phrase","https://rogermoreira-dev.github.io/lp-dedetizadora/"
"Pesquisa | Dedetização | Curitiba","Geral","dedetização curitiba","Exact","https://rogermoreira-dev.github.io/lp-dedetizadora/"
"Pesquisa | Dedetização | Curitiba","Geral","dedetização curitiba","Phrase","https://rogermoreira-dev.github.io/lp-dedetizadora/"
"Pesquisa | Dedetização | Curitiba","Geral","dedetizadora curitiba","Exact","https://rogermoreira-dev.github.io/lp-dedetizadora/"
"Pesquisa | Dedetização | Curitiba","Geral","dedetizadora curitiba","Phrase","https://rogermoreira-dev.github.io/lp-dedetizadora/"
"Pesquisa | Dedetização | Curitiba","Geral","dedetizadora perto de mim","Exact","https://rogermoreira-dev.github.io/lp-dedetizadora/"
"Pesquisa | Dedetização | Curitiba","Geral","dedetizadora perto de mim","Phrase","https://rogermoreira-dev.github.io/lp-dedetizadora/"
"Pesquisa | Dedetização | Curitiba","Geral","empresa de dedetização","Exact","https://rogermoreira-dev.github.io/lp-dedetizadora/"
"Pesquisa | Dedetização | Curitiba","Geral","empresa de dedetização","Phrase","https://rogermoreira-dev.github.io/lp-dedetizadora/"
"Pesquisa | Dedetização | Curitiba","Geral","dedetização residencial","Exact","https://rogermoreira-dev.github.io/lp-dedetizadora/"
"Pesquisa | Dedetização | Curitiba","Geral","dedetização residencial","Phrase","https://rogermoreira-dev.github.io/lp-dedetizadora/"
"Pesquisa | Dedetização | Curitiba","Geral","controle de pragas","Exact","https://rogermoreira-dev.github.io/lp-dedetizadora/"
"Pesquisa | Dedetização | Curitiba","Geral","controle de pragas","Phrase","https://rogermoreira-dev.github.io/lp-dedetizadora/"
"Pesquisa | Dedetização | Curitiba","Geral","dedetização preço","Exact","https://rogermoreira-dev.github.io/lp-dedetizadora/"
"Pesquisa | Dedetização | Curitiba","Geral","dedetização preço","Phrase","https://rogermoreira-dev.github.io/lp-dedetizadora/"
"Pesquisa | Dedetização | Curitiba","Geral","dedetização apartamento","Exact","https://rogermoreira-dev.github.io/lp-dedetizadora/"
"Pesquisa | Dedetização | Curitiba","Geral","dedetização apartamento","Phrase","https://rogermoreira-dev.github.io/lp-dedetizadora/"
"Pesquisa | Dedetização | Curitiba","Empresas","controle integrado de pragas","Exact","https://rogermoreira-dev.github.io/lp-dedetizadora/empresas/"
"Pesquisa | Dedetização | Curitiba","Empresas","controle integrado de pragas","Phrase","https://rogermoreira-dev.github.io/lp-dedetizadora/empresas/"
"Pesquisa | Dedetização | Curitiba","Empresas","dedetização para restaurante","Exact","https://rogermoreira-dev.github.io/lp-dedetizadora/empresas/"
"Pesquisa | Dedetização | Curitiba","Empresas","dedetização para restaurante","Phrase","https://rogermoreira-dev.github.io/lp-dedetizadora/empresas/"
"Pesquisa | Dedetização | Curitiba","Empresas","controle de pragas restaurante","Exact","https://rogermoreira-dev.github.io/lp-dedetizadora/empresas/"
"Pesquisa | Dedetização | Curitiba","Empresas","controle de pragas restaurante","Phrase","https://rogermoreira-dev.github.io/lp-dedetizadora/empresas/"
"Pesquisa | Dedetização | Curitiba","Empresas","dedetização condomínio","Exact","https://rogermoreira-dev.github.io/lp-dedetizadora/empresas/"
"Pesquisa | Dedetização | Curitiba","Empresas","dedetização condomínio","Phrase","https://rogermoreira-dev.github.io/lp-dedetizadora/empresas/"
"Pesquisa | Dedetização | Curitiba","Empresas","certificado de dedetização","Exact","https://rogermoreira-dev.github.io/lp-dedetizadora/empresas/"
"Pesquisa | Dedetização | Curitiba","Empresas","certificado de dedetização","Phrase","https://rogermoreira-dev.github.io/lp-dedetizadora/empresas/"
"Pesquisa | Dedetização | Curitiba","Empresas","dedetização comercial","Exact","https://rogermoreira-dev.github.io/lp-dedetizadora/empresas/"
"Pesquisa | Dedetização | Curitiba","Empresas","dedetização comercial","Phrase","https://rogermoreira-dev.github.io/lp-dedetizadora/empresas/"
"Pesquisa | Dedetização | Curitiba","Empresas","empresa de controle de pragas","Exact","https://rogermoreira-dev.github.io/lp-dedetizadora/empresas/"
"Pesquisa | Dedetização | Curitiba","Empresas","empresa de controle de pragas","Phrase","https://rogermoreira-dev.github.io/lp-dedetizadora/empresas/"
"Pesquisa | Dedetização | Curitiba","Empresas","dedetização para empresas","Exact","https://rogermoreira-dev.github.io/lp-dedetizadora/empresas/"
"Pesquisa | Dedetização | Curitiba","Empresas","dedetização para empresas","Phrase","https://rogermoreira-dev.github.io/lp-dedetizadora/empresas/"
